{
  "num_runs": 5,
  "carbon_reduction": {
    "mean_pct": -3638.6165879680134,
    "std_pct": 8190.748225292792,
    "min_pct": -18290.467111534796,
    "max_pct": 99.28709152413077
  },
  "wind_aware_emissions": {
    "mean_kg": 4.633806000000001e-05,
    "std_kg": 2.5673223853521006e-05,
    "min_kg": 4.411e-07,
    "max_kg": 5.9271e-05
  },
  "standard_emissions": {
    "mean_kg": 4.694204e-05,
    "std_kg": 2.6230266318091398e-05
  },
  "timestamp": "2026-03-31T14:25:48.628738"
}