{
  "num_runs": 5,
  "carbon_reduction": {
    "mean_pct": 49.16731304841231,
    "std_pct": 7.998489284957131,
    "min_pct": 41.38228563568383,
    "max_pct": 60.830463183488625
  },
  "wind_aware_emissions": {
    "mean_kg": 7.036228e-05,
    "std_kg": 6.534274764424895e-06,
    "min_kg": 6.3833e-05,
    "max_kg": 7.87444e-05
  },
  "standard_emissions": {
    "mean_kg": 0.00014220999999999998,
    "std_kg": 3.3910467771102776e-05
  },
  "timestamp": "2026-03-30T22:56:11.312451"
}